File,Purpose
index.html,Home page with learning objectives
problem.html,Why falls are a serious problem
how-it-works.html,Complete system pipeline
techniques.html,"Algorithms, pose estimation, spine-angle code"
systems.html,"University of Alberta / Spxtrm, edge systems, mobile"
challenges.html,"Privacy, false alarms, real-world limitations"
future.html,Research directions
quiz.html,Interactive 5-question self-check quiz
bibliography.html,Annotated bibliography with 6 references
styles.css,"Clean, professional styling"
README.md,How to publish on GitHub Pages
images/ & audio/,Folders ready for your media